Canonical,alias
Allowance for Doubtful Accounts,Allowance for Uncollectible Accounts
Bad Debt Expense,Uncollectible Accounts Expense,Doubtful Accounts Expense
Inventory,Merchandise Inventory
Cost of Goods Sold,Cost of Sales
Unearned Revenue,Deferred Revenue,Unearned Service Revenue
Salaries and Wages Expense,Salary Expense
Salaries and Wages Payable,Salaries Payable
Accumulated Depreciation - Equipment,Accumulated Depreciation—Equipment,Accumulated Depreciation-Equipment
Right-of-Use Asset,ROU Asset
Sales Revenue,Sales
Contribution Revenue
Loss on Disposal of Equipment
Interest Expense
Income Tax Expense
Lease Liability
Bonds Payable
Depreciation Expense
Retained Earnings,Retained Earnings—Dividends,Retained Earnings Dividends
Discount on Bonds Payable
Deferred Tax Asset
Interest Payable
Deferred Tax Liability
Fair Value Adjustment—AFS
Premium on Bonds Payable
Inventory (beginning)
Lease Expense
Treasury Stock
Inventory (ending)
Salaries Expense
Dividends Payable
Freight-in
Paid-in Capital—Stock Warrants
Loss on Sale of Equipment
Accumulated Other Comprehensive Income
Loss on Bond Retirement
Common Stock ($5 Par),"Common stock, $5 par"
Common Stock ($10 Par),"Common stock, $10 par"
Available-for-Sale Debt Securities
Note Payable (long-term),Notes Payable—Long-term,Notes Payable (long-Term)
Loss / Expense — Abnormal Spoilage,Loss / Expense—Abnormal Spoilage
Equipment (Improvements),Equipment Improvements
Patent
Purchases
Compensation Expense
Discount on Note Payable
Fair Value Adjustment—TS
Retained Earnings—Prior Period Adjustment
Note Payable,Notes Payable
Unrealized Gain—Income,Unrealized Holding Gain—Income
Unrealized Loss—Income,Unrealized Holding Loss—Income
Paid-in Capital in Excess of Par—Common Stock,Additional Paid-in Capital,Paid-In Capital in Excess of Par—Common,Paid-in Capital in Excess of Par - Common,Share Premium,Additional Paid-in Capital—Common
Paid-in Capital in Excess of Par
Unrealized Gain or Loss—Income
Unrealized Gain or Loss—OCI
Research and Development Expense
Accumulated Depreciation—Building,Accumulated Depreciation - Buildings,Accumulated Depreciation-Buildings,Accumulated Depreciation - Building,Accumulated Depreciation-Building,Accumulated Depreciation—Buildings
Construction in Process
Fair Value Adjustment—Equity Securities
Discount on Note Receivable
Customer List
Asset Retirement Obligation
Paid-in Capital in Excess of Par—Preferred Stock
Paid-in Capital—Stock Options
Income Summary
Depreciation Expense—Equipment
Liability for Unrecognized Tax Benefits
Valuation Allowance for Deferred Tax Asset
Gain on Sale of Investment
Mandatorily Redeemable Preferred Stock Liability
Investment Income
Loss on Impairment
License
Software Intangible Asset
Allowance to Reduce Inventory to Market
Income Tax Payable,Income Taxes Payable
Building,Buildings
Accounts Receivable,"Accounts Receivable, Net",Accounts Receivable Net
Common Stock,"Common Stock, No Par",Common Stock No Par
Investment in AFS,Debt Investments—Available for Sale,Debt Investments Available for Sale,"Debt Investments, Available for Sale"
Investment in HTM,Debt Investments—Held to Maturity,Debt Investments Held to Maturity,"Debt Investments, Held to Maturity"
